ID;Code No;Name;Z;Density;Atomic wght;valel s+p,n;valel s+p,n+1;s+p, n+n+1;valel d;valel f;Energy gap 300 K;Melting point, C
1;1;H;1;0.071;1.00797;0;1;1;0;0;0;-259.2
2;2;He;2;0.126;4.0026;0;2;2;0;0;0;-269.7
3;3;Li;3;0.53;6.939;2;1;3;0;0;0;180.5
4;4;Be;4;1.85;9.0122;0;2;2;0;0;0;1277
5;5;B;5;2.34;10.811;0;3;3;0;0;0;2030
6;6;C;6;2.26;12.01115;0;4;4;0;0;5.4;3727
7;7;N;7;0.81;14.0067;0;5;5;0;0;0;-210
8;8;O;8;1.14;15.9994;0;6;6;0;0;0;-218.8
9;9;F;9;1.505;18.9984;0;7;7;0;0;0;-219.6
10;10;Ne;10;1.2;20.183;0;8;8;0;0;0;-248.6
11;11;Na;11;0.97;22.9898;8;1;9;0;0;0;97.8
12;12;Mg;12;1.74;24.312;8;2;10;0;0;0;650
13;13;Al;13;2.7;26.9815;0;0;9;0;3;0;660
14;14;Si;14;2.33;28.086;6;4;10;0;0;1.12;1410
15;15;P;15;1.82;30.9738;0;5;5;0;0;0;44.2
16;16;S;16;2.07;32.064;0;6;6;0;0;0;119
17;17;Cl;17;1.56;35.453;0;7;7;0;0;0;-101
18;18;Ar;18;1.4;39.948;0;8;8;0;0;0;-189.4
19;19;K;19;0.86;39.102;8;1;9;0;0;0;63.7
20;20;Ca;20;1.55;40.08;8;2;10;0;0;0;838
21;21;Sc;21;3;44.956;8;2;10;1;0;0;1539
22;22;Ti;22;4.51;47.9;8;2;10;2;0;0;1668
23;23;V;23;6.1;50.942;8;2;10;3;0;0;1900
24;24;Cr;24;7.19;51.996;8;1;9;5;0;0;1875
25;25;Mn;25;7.43;54.938;8;2;10;5;0;0;1245
26;26;Fe;26;7.86;55.847;8;2;10;6;0;0;1536
27;27;Co;27;8.9;58.933;8;2;10;7;0;0;1495
28;28;Ni;28;8.9;58.71;6;2;8;8;0;0;1453
29;29;Cu;29;8.96;63.54;6;1;7;10;0;0;1083
30;30;Zn;30;7.14;65.37;6;8;8;4;0;0;419.5
31;31;Ga;31;5.91;69.72;10;3;3;0;0;0;29.8
32;32;Ge;32;5.32;72.59;10;4;4;0;0;0.67;937.4
33;33;As;33;5.72;74.922;10;5;5;0;0;0;817
34;34;Se;34;4.79;78.96;10;6;6;0;0;0;217
35;35;Br;35;3.12;79.909;10;7;7;0;0;0;-7.2
36;36;Kr;36;2.6;83.8;10;8;8;0;0;0;-157.3
37;37;Rb;37;1.53;85.47;8;1;9;0;0;0;38.9
38;38;Sr;38;2.6;87.62;8;2;10;0;0;0;768
39;39;Y;39;4.47;88.905;8;2;10;1;0;0;1509
40;40;Zr;40;6.49;91.22;8;2;10;2;0;0;1852
41;41;Nb;41;8.4;92.906;8;1;9;4;0;0;2468
42;42;Mo;42;10.2;95.94;8;1;9;5;0;0;2610
43;43;Tc;43;11.5;98;8;2;10;5;0;0;2140
44;44;Ru;44;12.2;101.07;8;1;9;7;0;0;2500
45;45;Rh;45;12.4;102.905;8;1;9;8;0;0;1966
46;46;Pd;46;12;106.4;8;0;8;10;0;0;1552
47;47;Ag;47;10.5;107.87;8;1;9;10;0;0;960.8
48;48;Cd;48;8.65;112.4;6;2;8;10;0;0;320.9
49;49;In;49;7.31;114.82;16;3;9;0;0;0;156.2
50;50;Sn;50;7.3;118.69;16;4;10;0;0;0;231.9
51;51;Sb;51;6.62;121.75;16;5;11;0;0;0;630.5
52;52;Te;52;6.24;127.6;10;6;6;0;0;0;449.5
53;53;I;53;4.94;126.904;10;7;7;0;0;0;113.7
54;54;Xe;54;3.06;131.3;10;8;8;0;0;0;-111.9
55;55;Cs;55;1.9;132.905;18;1;9;0;0;0;28.7
56;56;Ba;56;3.5;137.34;8;2;10;0;0;0;714
57;57;La;57;6.17;138.91;8;2;10;1;0;0;920
58;58;Ce;58;6.67;140.12;8;2;10;0;7;0;795
59;59;Pr;59;6.77;140.907;8;2;10;0;7;0;935
60;60;Nd;60;7;144.24;8;2;10;0;7;0;1024
61;61;Pm;61;;147;8;2;10;0;5;0;1027
62;62;Sm;62;7.54;150.35;8;2;10;0;6;0;1072
63;63;Eu;63;5.26;151.96;8;2;10;0;7;0;826
64;64;Gd;64;7.89;157.25;8;2;10;1;6;0;1312
65;65;Tb;65;8.27;158.924;8;2;10;0;7;0;1356
66;66;Dy;66;8.54;162.5;8;2;10;0;7;0;1407
67;67;Ho;67;8.8;164.93;8;2;10;0;7;0;1461
68;68;Er;68;9.05;167.26;8;2;10;0;7;0;1497
69;69;Tm;69;9.33;168.934;8;2;10;0;7;0;1545
70;70;Yb;70;6.98;173.04;8;2;10;0;6;0;824
71;71;Lu;71;9.84;174.97;8;2;10;1;6;0;1652
72;72;Hf;72;13.1;178.49;7;2;10;2;0;0;2222
73;73;Ta;73;16.6;180.948;8;2;10;3;0;0;2996
74;74;W;74;19.3;183.85;7;2;10;4;0;0;3410
75;75;Re;75;21;186.2;8;2;10;5;0;0;3180
76;76;Os;76;22.6;190.2;8;2;10;6;0;0;3000
77;77;Ir;77;22.5;192.2;6;2;8;7;0;0;2454
78;78;Pt;78;21.4;195.09;6;1;7;9;0;0;1769
79;79;Au;79;19.3;196.967;6;1;7;10;0;0;1063
80;80;Hg;80;13.6;200.59;6;2;8;10;0;0;-38.4
81;81;Tl;81;11.85;204.37;6;3;9;10;0;0;303
82;82;Pb;82;11.4;207.19;0;4;4;0;0;0;327.4
83;83;Bi;83;9.8;208.98;0;5;5;0;0;0;271.3
84;84;Po;84;9.2;210;;6;6;10;14;0;254
85;85;At;85;;210;;7;7;10;14;0;302
86;86;Rn;86;;222;;8;8;10;14;0;-71
87;87;Fr;87;;223;;1;1;0;0;0;27
88;88;Ra;88;5;226;;2;2;0;0;0;700
89;89;Ac;89;;227;;2;2;1;0;0;1050
90;90;Th;90;11.7;232.038;8;2;10;2;0;0;1750
91;91;Pa;91;15.4;231;;2;2;1;0;0;1230
92;92;U;92;19.07;238.03;8;2;10;1;0;0;1132
93;93;Np;93;19.5;237;;2;2;1;4;0;637
94;94;Pu;94;;242;;2;2;0;6;0;640
95;95;Am;95;11.7;243;;2;2;0;7;0;
96;96;Cm;96;;247;;2;2;1;7;0;
97;97;Bk;97;;247;;2;2;0;9;0;
98;98;Cf;98;;249;;2;2;0;10;0;
99;99;Es;99;;254;;2;2;0;11;0;
100;100;Fm;100;;253;;2;2;0;12;0;
101;101;Md;101;;256;;2;2;0;13;0;
102;102;No;102;;254;;2;2;0;14;0;
103;103;Lw;103;15.9994;15.9994;;2;2;1;14;0;
197;;Ba(C2H3O2)2;;2.47;255.43002;;48;;;48;0;
198;;Ba(BrO3)2.H2O;;3.99;411.16974;;60;;;;0;
199;;BaBr2.2H2O;;3.56;333.18868;;32;;;;0;
200;;BaBr2;;4.7;297.158;;16;;;;0;
201;;BaCO3;;4.43;197.34935;;24;;;;0;
202;;Ba(ClO3)2.H2O;;3.18;322.25774;;60;;;;0;
203;;BaCl2;;3.86;208.246;;16;;;;0;
109;;Al2O3;;3.99;101.961;;0;;;24;9;
204;;BaF2;;4.83;175.3368;;16;;;;0;
205;;BaH2;;4.21;139.35594;;4;;;;0;
206;;Ba(OH)2;;4.5;171.35474;;16;;;;0;
207;;Ba(IO3)2;;5;487.1444;;52;;;;0;
208;;BaI2;;4.92;391.148;;16;;;;0;
209;;Ba(NO3)2;;3.24;261.3498;;48;;;;0;
210;;Ba(NO2)2;;3.23;229.351;;36;;;;0;
211;;BaO;;5.7;153.3394;;8;;;;0;
212;;BaO2;;4.96;169.3388;;14;;;;0;
213;;BaSO4;;4.48;233.4016;;32;;;;0;
214;;BaS;;4.25;169.404;;8;;;;0;
215;;BeBr2;;3.47;168.8302;;16;;;;0;
216;;BeCl2;;1.9;79.9182;;16;;;;0;
217;;BeF2;;1.99;47.009;;16;;;;0;
218;;BeO;;3.01;25.0116;;8;;;;0;
219;;BiBr3;;5.7;448.707;;26;;;;0;
220;;BiCl3;;4.7;315.339;;26;;;;0;
221;;BiF3;;5.32;265.9752;;26;;;;0;
222;;BiI3;;5.7;589.692;;26;;;;0;
223;;Bi2O3;;8.55;465.9582;;28;;;;0;
224;;BiOCl;;7.72;260.4324;;18;;;;0;
225;;BCl3;;1.43;117.17;;24;;;;0;
226;;BF3;;0.00299;67.8062;;24;;;;0;
227;;B2H6;;0.45;27.66982;;12;;;;0;
228;;B4H10;;0.591;53.3237;;22;;;;0;
229;;BN;;2.3;24.8177;;8;;;;0;
230;;B2O3;;1.84;69.6202;;24;;;;0;
231;;H3BO3;;1.44;61.83311;;24;;;;0;
232;;Cd(C2H3O2)2;;2.34;230.49002;;48;;10;;0;
455;;Polyethylene (CH2CH2)n;;1;28.054;;;;;12;7;
456;;Polypropylene (CH2CHCH3)n;;0.936;42.081;;;;;18;0;
457;;Polystyrene (CH2CHC6H5)n;;1.126;104.15;;;;;13.97;4.5;
458;;(CH2CF2)n-alpha;;1.924;64.035;;;;;24;0;
459;;(CH2CF2)n-beta;;2.001;54.035;;;;;24;0;
105;;In2O3;;7.18;277.638;;24;;;;0;
460;;(CH2CF2)n-gamma;;1.9929;64.035;;;;;24;0;
461;;(CH2CF2)n-delta;;1.924;64.035;;;;;24;0;
462;;(CF2)n;;2.302;50.008;;;;;18;0;
463;;trans 1,4-Polybutadiene - (CH2CH=CHCH2)n;;1.036;52.076;;;;;30;0;
464;;cis 1,4-Polybutadiene - (CH2CH=CHCH2)n;;1.01;52.076;;;;;30;0;
465;;(CH2O)n;;1.49;30.026;;;;;12;0;
466;;(CH2CH20)n;;1.228;44.054;;;;;18;0;
467;;((CH2)2OCOC6H4COO)n;;1.455;192.19;;;;;72;0;
468;;(CH2)6NHCO(CH2)4CONH)n;;1.24;374.44;;;;;86;0;
469;;C12H10;;1220;154.21;;;;;58;0;
470;;C2H5ON;;1.159;59.068;;;;;24;0;
471;;C8H9ON;;1.21;135.167;;;;;52;0;
472;;C2H4O2;;1.0492;60.053;;;;;24;0;
473;;C8H8O;;1.0329;120.15;;;;;46;0;
474;;C6H10O4;;1.366;146.14;;;;;58;0;
475;;C6H8NCl;;1.222;129.59;;;;;44;0;
476;;C14H10;;1.243;178.23;;;;;66;0;
477;;C14H8O;;1.419;192.22;;;;;70;0;
478;;C7H6O;;1.0504;106.13;;;;;40;0;
479;;C6H6;;0.879;78.115;;;;;30;0;
480;;C7H6O2;;1.2659;122.12;;;;;46;0;
481;;C14H10O3;;1.1989;226.23;;;;;84;0;
482;;C13H10O;;1.085;182.22;;;;;68;0;
483;;C14H120;;1.114;212.25;;;;;80;0;
484;;C10H18O;;1.01;154.25;;;;;64;0;
485;;C10H7Br;;1.4888;207.08;;;;;54;0;
486;;CHBr3;;2.9;252.75;;;;;26;0;
487;;C10H16;;0.879;136.24;;;;;56;0;
488;;C10H16O;;0.992;152.24;;;;;62;0;
489;;CBr4;;2.9109;331.65;;;;;32;0;
490;;C2H3O2Cl3;;1.9081;165.4;;;;;44;0;
491;;C2H3O2Cl;;1.39;94.498;;;;;30;0;
110;;Al2S3;;2.02;150.155;;24;;;;4.1;
492;;C27H46O;;1.067;370.67;;;;;160;0;
493;;C10H18O;;0.9267;154.26;;;;;64;0;
494;;C9H8O2;;1.247;148.16;;;;;56;0;
495;;C9H10O;;1.044;134.18;;;;;52;0;
496;;C6H8O7;;1.542;192.13;;;;;74;0;
497;;C7H8O;;1.051;108.14;;;;;42;0;
498;;C7H8O-m;;1.035;108.14;;;;;42;0;
499;;C7H8O-p;;1.035;108.14;;;;;42;0;
500;;C6H12;;0.7786;84163;;;;;36;0;
501;;C6H12O;;0.9624;100.16;;;;;42;0;
502;;C14H14;;0.995;182.27;;;;;70;0;
503;;C8H11N;;0.9557;121.18;;;;;48;0;
504;;C4H8O2;;1.0338;88.107;;;;;36;0;
505;;C12H10;;1.18;154.21;;;;;58;0;
506;;C12H11N;;1.159;169.23;;;;;64;0;
507;;C2H7ON;;1.022;61.084;;;;;26;0;
508;;C4H11O2N;;1.0966;105.14;;;;;44;0;
509;;C6H15O3N;;1.1242;149.19;;;;;62;0;
510;;C2H8N2;;0.902;60.099;;;;;26;0;
511;;C2H4Br2;;2.1785;187.87;;;;;26;0;
512;;C9H10O3;;1.131;166.18;;;;;64;0;
513;;C10H12O2;;1.062;164.21;;;;;64;0;
514;;CH3ON;;1.1334;45.041;;;;;18;0;
515;;CH2O2;;1.22;46.026;;;;;18;0;
516;;fructose - C6H12O6;;1.598;180.16;;;;;72;0;
517;;C4H4O4;;1.635;116.07;;;;;44;0;
518;;glucose - C6H12O6;;1.544;18016;;;;;72;0;
519;;C3H8O3;;1.2604;92.095;;;;;38;0;
520;;C51H98O6;;0.8752;807.35;;;;;338;0;
521;;C57H110O6;;0.8559;891.51;;;;;374;0;
522;;C7H8O2;;1.1287;12.414;;;;;48;0;
523;;C2Cl6;;2.091;236.74;;;;;50;0;
524;;C9H9O3N;;1.371;175.19;;;;;68;0;
111;;CuCl;;3.53;98.993;;8;;10;;3.17;
525;;C6H6O2;;1.358;110.11;;;;;42;0;
526;;CHI3;;4.008;393.73;;;;;12;0;
527;;C9H7N;;1.099;129.16;;;;;48;0;
528;;C3H6O3;;1.2485;90.079;;;;;36;0;
529;;C4H4O4;;1.592;116.07;;;;;44;0;
530;;C4H2O3;;0.934;98.059;;;;;36;0;
531;;C3H4O4;;1.631;104.06;;;;;40;0;
532;;C10H20O;;0.903;156.27;;;;;66;0;
533;;C8H9O2N;;1.1682;151.17;;;;;58;0;
534;;C3H6O3;;1.0694;90.079;;;;;36;0;
535;;C10H8;;1.14;128.18;;;;;48;0;
536;;alpha-Naphthol C10H8O;;1.099;144.17;;;;;54;0;
537;;beta-Naphthol C10H8O;;1.272;144.17;;;;;54;0;
538;;alpha-Naphthylamine - C10H9N;;1.1196;143.19;;;;;54;0;
539;;beta-Naphthylamine - C10H9N;;1.0614;143.19;;;;;54;0;
540;;Nitrobenzene - C6H5O2N;;1.1732;123.11;;;;;46;0;
541;;C18H34O2;;0.898;282.47;;;;;118;0;
542;;C16H32O2;;0.8527;256.43;;;;;108;0;
543;;C6H12O3;;0.9943;132.16;;;;;54;0;
544;;C14H10;;1.17;178.24;;;;;66;0;
545;;C6H6O;;1.073;94.114;;;;;36;0;
546;;C8H6O4;;1.593;166.13;;;;;62;0;
547;;C8H4O3;;1.527;148.12;;;;;54;0;
548;;gamma-Picoline C6H7N;;0.9548;93.129;;;;;36;0;
549;;C6H3O7N3;;1.763;229.11;;;;;84;0;
550;;C6H2O6N3Cl;;1.797;247.55;;;;;84;0;
551;;C6H6O2;;1.344;110.11;;;;;42;0;
552;;C12H10O4;;1.401;218.21;;;;;82;0;
553;;Resorcinol - C6H6O2;;1.285;110.11;;;;;42;0;
554;;C7H6O3;;1.443;138.12;;;;;52;0;
555;;C18H36O2;;0.9408;284.49;;;;;120;0;
556;;C4H6O4;;1.564;118.09;;;;;46;0;
112;;CuCl2;;3.05;134.446;;15;;10;;0;
557;;C4H4O3;;1.234;100.07;;;;;38;0;
558;;C12H22O11;;1.588;342.3;;;;;136;0;
559;;Tartaric acid (meso) C4H6O6;;1.666;150.09;;;;;58;0;
560;;Tartaric acid (+) C4H6O6;;1.7598;150.09;;;;;58;0;
561;;Tartaric acid (-) C4H6O6;;1.7598;150.09;;;;;58;0;
562;;CH4N2S;;1.405;76.12;;;;;36;0;
563;;C10H14O;;0.969;150.22;;;;;60;0;
564;;C7H5O6N3;;1.654;227.13;;;;;84;0;
565;;Urea CH4ON2;;1.335;60.056;;;;;24;0;
113;;Cu2O;;6;143.0794;;8;;20;;2.2;
114;;CuO;;6.3;79.5394;;7;;10;;0;
115;;GeO2;;4.7;104.589;;16;;;;0;
116;;GeS;;3.5;104.654;;10;;;;0;
117;;In2O3;;7.18;277.638;;24;;;;0;
118;;In2S3;;4.9;325.832;;24;;;;0;
119;;Fe2O3;;5.24;159.6922;;22;;12;;0;
120;;Fe3O4;;5.18;231.5386;;30;;18;;0;
121;;FeO;;5.7;71.8464;;8;;6;;0;
122;;FeP;;6.07;86.8208;;7;;6;;0;
123;;FeS;;4.84;87.911;;8;;6;;0;
124;;PbCl2;;5.9;278.096;;18;;;;0;
125;;PbO;;9.53;223.189;;10;;;;0;
126;;Pb3O4;;9.1;685.568;;36;;;;0;
127;;PbO2;;9.4;239.189;;16;;;;0;
128;;MgO;;3.58;40.3114;;8;;;;0;
148;;AlBr3;;3.01;266.7085;;24;;;;0;
130;;HgO;;11.1;216.5894;;8;;10;;0;
150;;AlF3;;3.07;83.9767;;24;;;;0;
131;;MoO3;;4.5;143.9382;;19;;5;;0;
133;;P2O3;;2.13;109.9458;;28;;;;0;
135;;SiCl4;;1.49;169.898;2;32;;;;0;
137;;SiH4;;0.00144;32.11788;;8;;;;0;
139;;AgBr;;6.47;187.779;;8;;10;;0;
141;;AgF;;5.85;126.8684;;8;;10;;0;
143;;ZnO;;5.47;81.3694;;8;;10;;3.2;
149;;AlCl3;;2.44;133.3405;;24;;;;0;
132;;NiO;;7.45;74.7094;;8;;8;;0;
134;;P2O5;;2.39;141.9446;;40;;;;0;
136;;SiF4;;0.00469;104.0796;;32;;;;0;
138;;SiO2;;2.65;60.0848;;16;;;;9.1;
140;;AgCl;;5.56;143.323;;8;;10;;3;
142;;TiO2;;4.26;79.8988;;14;;2;;0;
144;;ZrO2;;5.7;123.2188;;14;;2;;0;
151;;AlN;;3.26;40.9882;;8;;;;0;
152;;Al2(SO4)3;;2.71;342.1478;;96;;;;0;
154;;NH4N3;;1.35;60.05868;;24;;;;0;
156;;NH4Br;;2.33;97.94758;;16;;;;0;
158;;(NH4)2PtCl6;;3.07;443.8852;;61;;9;;0;
160;;(NH4)2Cr2O7;;2.15;252.065;;72;;;;0;
162;;NH4F;;1.32;37.03698;;16;;;;0;
164;;(NH4)2HPO4;;1.62;132.0721;;48;;;;0;
166;;NH4I;;2.44;144.9426;;16;;;;0;
153;;NH3;;0.00077;17.03061;;8;;;;0;
155;;NH4C2H3O2;;1.07;77.08359;;32;;;;0;
157;;NH4Cl;;1.52;53.49158;;16;;;;0;
159;;(NH4)2CrO4;;1.91;152.0708;;43;;5;;0;
161;;(NH4)H2PO4;;1.8;115.0259;;38;;;;0;
163;;NH4CHO2;;1.27;63.0565;;26;;;;0;
165;;NH4IO3;;3.31;192.9408;;34;;;;0;
167;;(NH4)2MoO4;;2.27;192.0188;;43;;5;;0;
168;;NH4NO3;;1.73;80.04348;;32;;;;0;
170;;(NH4)2C2O4.H2O;;1.5;142.1124;;58;;;;0;
172;;NH4CNS;;76.12043;1.31;;24;;;;0;
174;;NH4VO3;;2.33;116.97878;;29;;3;;0;
176;;SbCl3;;3.14;228.109;;26;;;;0;
178;;SbF3;;4.38;178.7452;;26;;;;0;
180;;SbH3;;2.26;124.77391;;8;;;;0;
182;;Sb2O3;;5.25;291.4982;;28;;;;0;
169;;NH4NO2;;1.69;64.04408;;26;;;;0;
171;;(NH4)2C4H4O6;;1.6;184.15004;;74;;;;0;
173;;(NH4)2SO2;;1.77;100.13996;;36;;;;0;
175;;SbBr3;;4.15;361.477;;26;;;;0;
177;;SbCl5;;2.35;229.015;;40;;;;0;
179;;SbF5;;2.99;216.742;;40;;;;0;
181;;SbI3;;4.85;502.462;;26;;;;0;
183;;Sb2O5;;3.78;323.497;;40;;;;0;
184;;Sb2(SO4)3;;3.62;531.6848;;100;;;;0;
186;;Sb2S5;;4.12;403.82;;40;;;;0;
188;;AsCl3;;2.16;181.281;;26;;;;0;
190;;AsF5;;0.00771;169.914;;40;;;;0;
192;;AsI3;;4.39;455.634;;26;;;;0;
194;;As2O5;;4.09;229.841;;40;;;;0;
196;;As2S5;;0;0;;;;;40;0;
566;;SiC;;3.16;40.097;;;;;8;2.3;
185;;Sb2S3;;4.64;339.692;;28;;;;0;
187;;AsBr3;;3.54;314.649;;26;;;;0;
189;;AsF3;;2.67;131.9172;;26;;;;0;
191;;AsH3;;0.00269;77.94591;;8;;;;0;
193;;As2O3;;3.8;197.8422;;28;;;;0;
195;;As2S3;;3.43;246.036;;40;;;;0;
233;;CdBr2;;5.2;272.218;;;;;26;0;
235;;CdF2;;6.64;150.3968;;;;;26;0;
237;;CdSO4;;4.69;208.4616;;;;;42;0;
239;;CsF;;3.59;151.9034;;;;;8;0;
241;;CsNO3;;3.69;194.9099;;;;;24;0;
243;;CaC2;;2.22;64.1023;;;;;10;0;
245;;CaF2;;3.18;78.0768;;;;;16;0;
247;;CaI2;;3.96;293.888;;;;;16;0;
234;;CdCl2;;4.05;183.306;;;;;26;0;
236;;CdI2;;5.67;366.208;;;;;26;0;
238;;CsCl;;3.97;168.358;;;;;8;0;
240;;CsOH;;3.68;149.91237;;;;;8;0;
242;;CaBr2;;3.35;199.898;;;;;16;0;
244;;CaCO3;;2.93;100.089;;;;;24;0;
246;;CaH2;;1.7;42.09594;;;;;4;0;
248;;CaO;;3.35;56.0794;;;;;8;0;
249;;Ca3(PO4)2;;3.14;310.1828;;;;;64;0;
251;;CaSO4;;2.96;136.1416;;;;;32;0;
253;;CaWO3;;6.06;271.9282;;;;;26;0;
255;;CeF3;;6.16;197.1152;;;;;30;0;
257;;CeO2;;7.2;172.1188;;;;;21;0;
259;;CrCl2;;2.88;122.902;;;;;20;0;
261;;Cr2O3;;5.21;151.9902;;;;;30;0;
263;;CoCl2;;3.36;129.839;;;;;23;0;
250;;CaSiO3;;2.91;116.1642;;;;;24;0;
252;;CaS;;2.18;72.144;;;;;8;0;
254;;CeCl3;;3.92;246.479;;;;;30;0;
256;;Ce2O3;;7;328.2382;;;;;36;0;
258;;Ce2S3;;5.02;376.432;;;;;36;0;
260;;CrCl3;;2.76;158.355;;;;;27;0;
262;;CrO3;;2.7;99.9924;;;;;24;0;
264;;CoO;;6.7;74.9324;;;;;15;0;
265;;Co3O4;;6.07;240.7966;;;;;51;0;
267;;CuCl;;3.53;98.993;;;;;18;3.202;
269;;CuI;;5.62;190.444;;;;;18;2.95;
271;;CuO;;6.3;79.5394;;;;;17;0;
273;;GaCl3;;2.47;176.079;;;;;24;0;
275;;GeO;;4.7;104.5888;;;;;16;0;
277;;HfO2;;9.68;210.4888;;;;;16;0;
279;;InI;;5.31;241.724;;;;;10;0;
266;;CuBr;;4.72;143.449;;;;;18;2.96;
268;;CuCl2;;3.05;134.446;;;;;25;0;
270;;Cu2O;;6;143.0794;;;;;28;0;
272;;GaBr3;;3.69;309.447;;;;;24;0;
274;;Ga2O3;;6.48;187.4382;;;;;24;0;
276;;AuCl3;;3.9;303.326;;;;;32;0;
278;;InCl3;;3.46;221.179;;;;;24;0;
280;;In2S3;;4.9;307.204;;;;;24;0;
281;;ICl;;4.42;162.357;;;;;14;0;
283;;HIO3;;4.63;175.91017;;;;;26;0;
285;;IrF6;;6;306.1904;;;;;16;0;
287;;FeCl3;;2.8;162.206;;;;;29;0;
289;;Fe2O3;;5.24;159.6922;;;;;34;0;
291;;FeP;;6.07;86.8208;;;;;13;0;
293;;LaCl3;;3.84;245.269;;;;;24;0;
295;;Pb(C2H3O2)2;;3.25;325.28002;;;;;50;0;
282;;ICl3;;3.11;233.263;;;;;28;0;
284;;I2O5;;4.8;333.805;;;;;44;0;
286;;IrO2;;3.15;224.1988;;;;;21;0;
288;;FeCl2;;2.98;126.753;;;;;22;0;
290;;Fe3O4;;5.18;231.5386;;;;;48;0;
292;;FeS;;4.84;87.911;;;;;14;0;
294;;La2O3;;6.51;325.8182;;;;;24;0;
296;;PbCO3;;6.5;267.19935;;;;;26;0;
297;;PbCl2;;0.67;278.096;;;;;18;0;
299;;PbF2;;8.24;245.1868;;;;;18;0;
301;;Pb(NO3)2;;4.53;331.1998;;;;;50;0;
303;;Pb3O4;;9.1;685.5676;;;;;36;0;
305;;PbSO4;;6.2;303.2516;;;;;34;0;
307;;LiAlH4;;0.92;37.95238;;;;;8;0;
309;;LiBr;;3.46;86.848;;;;;8;0;
311;;LiCl;;2.07;42.392;;;;;8;0;
298;;PbCrO4;;6.3;323.1836;;;;;34;0;
300;;PbI2;;6.16;460.998;;;;;18;0;
302;;PbO;;9.53;223.1894;;;;;10;0;
304;;PbO2;;9.4;239.1888;;;;;16;0;
306;;PbS;;7.58;239.254;;;;;10;37;
308;;LiBH4;;0.66;21.78188;;;;;8;0;
310;;Li2CO3;;2.11;73.88735;;;;;23;0;
312;;LiF;;0.12;25.9374;;;;;8;11.8;
313;;LiH;;0.78;7.94697;;;;;2;0;
315;;LiNO3;;2.38;68.9439;;;;;24;0;
317;;Li3PO4;;2.54;115.7884;;;;;32;0;
319;;MgBr2;;3.72;184.13;;;;;16;0;
321;;MgCl2;;2.32;95.218;;;;;16;0;
323;;MgO;;3.58;40.3114;;;;;8;0;
325;;MnCO3;;3.13;114.94735;;;;;29;0;
327;;MnO;;5.45;70.9374;;;;;13;0;
314;;LiI;;0.78;133.843;;;;;8;0;
316;;Li2O;;2.02;29.8774;;;;;8;0;
318;;Li2SO4;;2.22;109.9396;;;;;32;0;
320;;MgCO3;;3.04;84.32135;;;;;24;0;
322;;MgF2;;2.97;62.3088;;;;;16;0;
324;;MgSO4;;2.65;120.3736;;;;;32;0;
326;;MnCl2;;2.98;125.844;;;;;21;0;
328;;Mn3O4;;4.86;228.8116;;;;;45;0;
329;;MnO2;;5.03;86.9368;;;;;19;0;
331;;MnSO4;;3.25;150.9996;;;;;37;0;
333;;HgBr2;;6.11;360.408;;;;;26;0;
335;;HgCl2;;5.44;271.496;;;;;26;0;
337;;Hg(CN)2;;3.99;252.6257;;;;;21;0;
339;;HgO;;11.1;216.5894;;;;;18;0;
341;;Hg2SO4;;7.56;497.2416;;;;;54;0;
343;;MoO3;;4.5;143.9382;;;;;24;0;
330;;Mn2O3;;4.5;157.8742;;;;;32;0;
332;;MnS;;3.99;87.002;;;;;13;0;
334;;HgBr;;7.31;280.499;;;;;19;0;
336;;HgCl;;7.16;236.043;;;;;19;0;
338;;HgI2;;6.28;454.398;;;;;26;0;
340;;HgSO4;;6.47;296.6516;;;;;42;0;
342;;MoF6;;2.55;209.9304;;;;;48;0;
344;;MoS2;;4.7;160.068;;;;;18;0;
345;;NdCl3;;4.13;250.599;;;;;30;0;
347;;NiF2;;4.63;96.7068;;;;;24;0;
349;;NbCl5;;2.75;270.171;;;;;40;0;
351;;NbO;;6.5;108.9054;;;;;11;0;
353;;N2H4;;1.01;32.04528;;;;;14;0;
355;;NH2OH;;1.2;33.03001;;;;;14;0;
357;;OsO4;;4.9;254.1976;;;;;32;0;
359;;PCl5;;1.6;208.2388;;;;;40;0;
346;;NiCl2;;3.54;129.616;;;;;24;0;
348;;NiO;;7.45;74.7094;;;;;16;0;
350;;NbF5;;3.92;187.898;;;;;40;0;
352;;Nb2O5;;4.46;265.809;;;;;40;0;
354;;N2H4.H2SO4;;1.37;130.12282;;;;;46;0;
356;;NH2OH.HCl;;1.67;69.49098;;;;;22;0;
358;;PdO;;8.31;122.3994;;;;;16;0;
360;;P2O3;;2.13;109.9458;;;;;28;0;
361;;P2O5;;2.39;141.9446;;;;;40;0;
363;;P2S5;;2.03;222.2676;;;;;40;0;
365;;KBrO3;;3.27;167.0092;;;;;26;0;
367;;K2CO3;;2.43;138.21335;;;;;24;0;
369;;KCl;;1.98;74.555;;;;;8;7.4;
371;;KCN;;1.52;65.11985;;;;;10;0;
373;;KH2PO4;;2.34;136.08934;;;;;32;0;
375;;KHSO4;;2.2;136.17157;;;;;32;0;
362;;POCl3;;1.67;153.3322;;;;;32;0;
364;;H3PO4;;1.84;97.99531;;;;;32;0;
366;;KBr;;2.75;119.011;;;;;8;0;
368;;KClO3;;2.32;122.5532;;;;;26;0;
370;;K2CrO4;;2.73;194.1976;;;;;32;0;
372;;K2Cr2O7;;2.69;294.1918;;;;;56;0;
374;;KF;;2.48;58.1004;;;;;8;0;
376;;KOH;;2.04;56.10937;;;;;8;0;
377;;KIO3;;3.89;214.0042;;;;;26;0;
379;;K2S2O5;;2.3;222.329;;;;;44;0;
381;;KNO2;;1.92;85.1075;;;;;18;0;
383;;K2SO4;;2.67;174.2656;;;;;32;0;
385;;PrCl3;;4.02;247.266;;;;;30;0;
387;;ReF6;;6.16;300.1904;;;;;49;0;
389;;RbCl;;2.76;120.923;;;;;8;0;
391;;RbNO3;;3.11;147.4749;;;;;24;0;
378;;KI;;3.12;166.006;;;;;8;0;
380;;KNO3;;2.11;101.1069;;;;;24;0;
382;;KMnO4;;2.7;158.0376;;;;;32;0;
384;;KCNS;;1.89;97.18385;;;;;16;0;
386;;RaBr2;;5.79;385.818;;;;;16;0;
388;;Re2O7;;8.2;484.3958;;;;;49;0;
390;;RbF;;2.88;104.4684;;;;;8;0;
392;;Rb2SO4;;3.61;267.0016;;;;;32;0;
393;;RuO2;;6.97;133.0688;;;;;20;0;
395;;ScCl3;;2.39;151.315;;;;;24;0;
396;;SeCl4;;3.8;220.772;;;;;34;0;
398;;SeOCl2;;2.42;165.8654;;;;;36;0;
400;;SiO2;;2.65;60.0848;;;;;16;0;
402;;AgCl;;5.56;143.323;;;;;18;3.2;
404;;AgF;;5.85;126.8684;;;;;18;0;
406;;AgNO3;;4.35;169.8749;;;;;34;0;
394;;RuO4;;3.29;165.0676;;;;;32;0;
397;;SeO2;;3.95;110.9588;;;;;18;0;
399;;H2SeO4;;2.95;144.97354;;;;;32;0;
401;;AgBr;;6.47;187.779;;;;;18;0;
403;;AgCN;;3.94;133.88785;;;;;20;0;
405;;AgI;;5.85;234.774;;;;;18;2.63;
407;;Ag2O;;7.14;231.7394;;;;;28;0;
409;;NaC2H3O2;;1.53;82.03481;;;;;24;0;
408;;Ag2SO4;;5.45;311.8016;;;;;52;0;
410;;Na3AlF6;;2.9;209.9413;;;;;48;0;
412;;NaBr;;3.2;102.8988;;;;;8;0;
414;;NaCl;;2.17;58.4428;;;;;8;7.42;
416;;NaOH;;2.13;39.99717;;;;;8;0;
418;;NaNO3;;2.26;84.9947;;;;;24;0;
420;;Na2S;;1.86;78.0436;;;;;8;0;
422;;SrBr2;;4.22;247.438;;;;;16;0;
411;;Na2B4O7;;1.45;201.2194;;;;;56;0;
413;;Na2CO3;;2.51;105.98895;;;;;24;0;
415;;NaF;;2.79;41.9882;;;;;8;0;
417;;NaI;;3.67;149.8938;;;;;8;0;
419;;Na2SO4;;2.69;142.0412;;;;;32;0;
421;;Na2WO4;;4.18;293.8272;;;;;32;0;
423;;SrCO3;;3.7;147.62935;;;;;24;0;
425;;SrF2;;4.24;125.6168;;;;;16;0;
424;;SrCl2;;3.05;158.526;;;;;16;0;
426;;Sr(NO3)2;;2.99;211.6298;;;;;48;0;
428;;H2SO4;;1.83;98.07754;;;;;32;0;
430;;Ta2O5;;8.74;441.893;;;;;40;0;
432;;TeCl4;;3.26;269.412;;;;;34;0;
434;;TlCl;;7;239.823;;;;;12;0;
436;;Tl2SO4;;6.77;504.8016;;;;;36;0;
438;;ThO2;;10.03;264.0368;;;;;16;0;
427;;SO3;;1.92;80.0622;;;;;24;0;
429;;TaCl5;;3.68;358.213;;;;;40;0;
431;;TeBr4;;4.31;447.236;;;;;34;0;
433;;TeO2;;5.78;159.5988;;;;;18;0;
435;;TlNO3;;5.56;266.3749;;;;;26;0;
437;;ThCl4;;4.59;373.85;;;;;32;0;
439;;SnCl2;;3.95;189.596;;;;;18;0;
441;;TiO2;;4.26;79.8988;;;;;16;0;
440;;SnS;;5.08;150.754;;;;;10;0;
442;;WC;;15.65;195.86115;;;;;10;0;
444;;WO3;;7.16;231.8482;;;;;24;0;
446;;UO2;;10.97;270.0288;;;;;15;0;
448;;XeF2;;4.32;169.2968;;;;;22;0;
450;;Y2O3;;5.01;225.8082;;;;;24;0;
452;;ZnO;;5.47;81.3694;;;;;18;3.2;
454;;ZrO2;;5.7;123.2188;;;;;16;0;
443;;WCl4;;3.52;325.662;;;;;34;0;
445;;UF6;;4.68;352.0204;;;;;45;0;
447;;V2O5;;3.36;181.881;;;;;40;0;
449;;XeF4;;4.07;207.2936;;;;;36;0;
451;;ZnCl2;;2.91;136.276;;;;;26;0;
453;;ZrCl4;;2.8;233.032;;;;;32;0;
567;;Si3N4;;3.17;140.284;;;;;32;5.25;
568;;GaAs;;5.31;144.642;;;;;8;1.35;
569;;GaP;;4.13;100.6938;;;;;8;2.24;
571;;InP;;4.79;145.7938;;;;;8;1.27;
573;;PbTe;;8.16;334.79;;;;;10;0.25;
575;;26-n-paraffin C26H54;;0.99;377.72028;;;;;158;6;
577;;beta-Carotene C40H56;;0.993;536.89232;;;;;216;0;
570;;InAs;;5.67;189.743;;;;;8;0.36;
572;;InSb;;5.78;236.57;;;;;8;0.17;
574;;ZnS;;4.08;97.434;;;;;18;3.6;
576;;adenine C5N5H5;;1.35;135.1291;;;;;50;3.8;
578;;Guanine C5N5H5O;;1.58;151.1285;;;;;56;2.5;
